股票代码,股票名称
688368,晶丰明源
000037,深南电A
000779,甘咨询
000920,沃顿科技
002009,天奇股份
002068,黑猫股份
002153,石基信息
002340,格林美
002406,远东传动
002573,清新环境
002672,东江环保
300207,欣旺达
300631,久吾高科
301049,超越科技
301270,汉仪股份
600070,浙江富润
600338,西藏珠峰
600773,西藏城投
601677,明泰铝业
603067,振华股份
603185,上机数控
603669,灵康药业
000737,北方铜业
002456,欧菲光
002605,姚记科技
002631,德尔未来
002667,鞍重股份
002735,王子新材
002858,力盛体育
300005,探路者
300031,宝通科技
300323,华灿光电
300710,万隆光电
301267,N华厦
301319,唯特偶
600107,美尔雅
600158,中体产业
600503,华丽家族
600516,方大炭素
603133,碳元科技
603822,嘉澳环保
603922,金鸿顺
603979,金诚信
605399,晨光新材
002013,中航机电
002024,ST易购
002179,中航光电
002219,新里程
002237,恒邦股份
002412,汉森制药
002458,益生股份
002510,天汽模
002749,国光股份
300105,龙源技术
300348,长亮科技
300468,四方精创
300941,创识科技
600615,丰华股份
600879,航天电子
601566,九牧王
603017,中衡设计
603189,网达软件
603280,N路机
603359,东珠生态
603655,朗博科技
603789,星光农机
605001,威奥股份
000610,西安旅游
000981,银亿股份
002117,东港股份
002651,利君股份
002826,易明医药
300071,福石控股
300166,东方国信
300204,舒泰神
300287,飞利信
300377,赢时胜
300785,值得买
600010,包钢股份
603016,新宏泰
603139,康惠制药
603322,超讯通信
603367,辰欣药业
603579,荣泰健康
603738,泰晶科技
603825,华扬联众
688108,赛诺医疗
000961,中南建设
002043,兔宝宝
002133,广宇集团
002572,索菲亚
002706,良信股份
002918,蒙娜丽莎
003012,东鹏控股
300051,三五互联
300635,中达安
300917,特发服务
301230,泓博医药
600048,保利发展
600095,湘财股份
600287,江苏舜天
600383,金地集团
600606,绿地控股
600829,人民同泰
600958,东方证券
601100,恒立液压
603378,亚士创能
603583,捷昌驱动
603709,中源家居
603737,三棵树
603801,志邦家居
605303,园林股份
605398,新炬网络
000153,丰原药业
000919,金陵药业
002175,东方智造
002516,旷达科技
002653,海思科
002727,一心堂
300434,金石亚药
300436,广生堂
600222,太龙药业
600566,济川药业
600571,信雅达
600855,航天长峰
600965,福成股份
603102,百合股份
603233,大参林
603883,老百姓
603937,丽岛新材
605199,葫芦娃
605266,健之佳
000056,皇庭国际
000636,风华高科
000838,财信发展
002014,永新股份
002138,顺络电子
002655,共达电声
002741,光华科技
002767,先锋电子
300327,中颖电子
300380,安硕信息
300534,陇神戎发
300586,美联新材
601279,英利汽车
603085,天成自控
603106,恒银科技
603211,晋拓股份
603386,骏亚科技
603501,韦尔股份
603933,睿能科技
603936,博敏电子
603989,艾华集团
605058,澳弘电子
605366,宏柏新材
000690,宝新能源
000931,中关村
001338,N永顺泰
002181,粤传媒
300229,拓尔思
300418,昆仑万维
300624,万兴科技
300816,艾可蓝
301052,果麦文化
301277,N新天地
600080,金花股份
600100,同方股份
600223,鲁商发展
600633,浙数文化
600753,东方银星
605100,华丰股份
000523,广州浪奇
000977,浪潮信息
001266,宏英智能
001338,永顺泰
002268,卫士通
002840,华统股份
002908,德生科技
002979,雷赛智能
301126,达嘉维康
600302,标准股份
603121,华培动力
688201,信安世纪
002007,华兰生物
002072,凯瑞德
002164,宁波东力
002229,鸿博股份
002323,雅博股份
002342,巨力索具
002690,美亚光电
002838,道恩股份
002875,安奈儿
300043,星辉娱乐
300315,掌趣科技
300515,三德科技
300685,艾德生物
300847,中船汉光
600066,宇通客车
600071,凤凰光学
600161,天坛生物
600769,祥龙电业
600962,国投中鲁
603130,N云中马
603416,信捷电气
605337,李子园
001332,锡装股份
002263,大东南
002812,恩捷股份
300057,万顺新材
300263,隆华科技
300482,万孚生物
300648,星云股份
300716,国立科技
300842,帝科股份
301165,N锐捷
600211,西藏药业
600249,两面针
600518,ST康美
600990,四创电子
603130,云中马
603950,长源东谷
605177,东亚药业
688068,热景生物
688566,吉贝尔
000928,中钢国际
000985,大庆华科
002953,日丰股份
301091,深城交
301165,C锐捷
301377,N鼎泰
600227,圣济堂
600301,南化股份
601618,中国中冶
601728,中国电信
601766,中国中车
601858,中国科传
603351,威尔药业
603809,豪能股份
605577,龙版传媒
000058,深赛格
000830,鲁西化工
000862,银星能源
002401,中远海科
300140,中环装备
300693,盛弘股份
301168,通灵股份
301175,中科环保
600081,东风科技
600328,中盐化工
600379,宝光股份
600468,百利电气
601798,蓝科高新
601991,大唐发电
603126,中材节能
603628,清源股份
603773,沃格光电
603860,中公高科
000586,汇源通信
003015,日久光电
003039,顺控发展
300438,鹏辉能源
300565,科信技术
300781,因赛集团
600110,诺德股份
600478,科力远
600580,卧龙电驱
600610,中毅达
603580,艾艾精工
603895,天永智能
605378,野马电池
605589,圣泉集团
688353,华盛锂电
000006,深振业Ａ
000732,ST泰禾
001322,箭牌家居
002066,瑞泰科技
002948,青岛银行
300513,恒实科技
600088,中视传媒
600099,林海股份
600638,新黄浦
600774,汉商集团
600929,雪天盐业
601949,中国出版
603990,麦迪科技
000800,一汽解放
000926,福星股份
002427,*ST尤夫
002523,天桥起重
002652,扬子新材
300942,易瑞生物
600006,东风汽车
600266,城建发展
600332,白云山
600348,华阳股份
600823,世茂股份
603043,广州酒家
603182,嘉华股份
603289,泰瑞机器
603689,皖天然气
603811,诚意药业
603949,雪龙集团
688658,悦康药业
000026,飞亚达
000599,青岛双星
002053,云南能投
002453,华软科技
002695,煌上煌
002732,燕塘乳业
002852,道道全
002923,润都股份
300271,华宇软件
300753,爱朋医疗
300892,品渥食品
300898,熊猫乳品
301316,慧博云通
600429,三元股份
600663,陆家嘴
603055,台华新材
603255,鼎际得
603520,司太立
603589,口子窖
603871,嘉友国际
605098,行动教育
605179,一鸣食品
001256,N炜冈
002054,德美化工
002184,海得控制
002235,安妮股份
002275,桂林三金
002435,长江健康
300498,温氏股份
300676,华大基因
300925,法本信息
301302,华如科技
600225,卓朗科技
600260,*ST凯乐
603311,金海高科
605003,众望布艺
605198,安德利
000415,渤海租赁
000958,电投产融
001914,招商积余
002423,中粮资本
002760,凤形股份
300848,美瑞新材
300937,药易购
600061,国投资本
600221,海航控股
600339,中油工程
600375,汉马科技
600390,五矿资本
600705,中航产融
600830,香溢融通
601003,柳钢股份
001256,炜冈科技
002775,文科园林
002869,金溢科技
002870,香山股份
300123,亚光科技
300288,朗玛信息
300890,翔丰华
301132,满坤科技
600166,福田汽车
600415,小商品城
600515,海南机场
601828,美凯龙
603068,博通集成
603555,贵人鸟
603708,家家悦
002083,孚日股份
002234,民和股份
002243,力合科创
002437,誉衡药业
300194,福安药业
300485,赛升药业
300918,南山智尚
300966,共同药业
600138,中青旅
601700,风范股份
688247,宣泰医药
000403,派林生物
000529,广弘控股
000548,湖南投资
000597,东北制药
000969,安泰科技
002159,三特索道
002982,湘佳股份
300812,易天股份
301075,多瑞医药
600641,万业企业
600664,哈药股份
600812,华北制药
601022,宁波远洋
601919,XD中远海
601999,出版传媒
603005,晶方科技
603477,巨星农牧
000637,茂化实华
000819,岳阳兴长
002186,全聚德
002404,嘉欣丝绸
002762,金发拉比
300226,上海钢联
300814,中富电路
603238,诺邦股份
603919,金徽酒
688286,敏芯股份
000886,海南高速
002019,亿帆医药
002393,力生制药
002582,好想你
002671,龙泉股份
300254,仟源医药
300261,雅本化学
300869,康泰医学
600668,尖峰集团
000404,长虹华意
002057,中钢天源
002623,亚玛顿
002676,顺威股份
002733,雄韬股份
002933,新兴装备
600019,宝钢股份
600599,ST熊猫
600729,重庆百货
601136,N首创
603217,元利科技
603798,康普顿
603912,佳力图
002422,科伦药业
002511,中顺洁柔
002574,明牌珠宝
002969,嘉美包装
301265,华新环保
600315,上海家化
600543,莫高股份
600779,水井坊
002515,金字火腿
300050,世纪鼎利
300148,天舟文化
300246,宝莱特
300562,乐心医疗
601136,首创证券
688051,佳华科技
000970,中科三环
000998,隆平高科
001301,N尚太
002687,乔治白
002752,昇兴股份
300422,博世科
300798,锦鸡股份
301301,C川宁
600187,国中水务
600371,万向德农
600408,安泰集团
600459,贵研铂业
601028,玉龙股份
601702,华峰铝业
603330,天洋新材
688366,昊海生科
001301,尚太科技
002443,金洲管道
002495,佳隆股份
300452,山河药辅
600113,浙江东日
600572,康恩贝
600576,祥源文旅
600593,大连圣亚
600789,鲁抗医药
000301,东方盛虹
000938,紫光股份
002169,智光电气
002441,众业达
002626,金达威
002683,广东宏大
003038,鑫铂股份
300585,奥联电子
301046,能辉科技
301266,宇邦新材
600658,电子城
601216,君正集团
601877,正泰电器
603105,芯能科技
603348,文灿股份
603806,福斯特
000570,苏常柴Ａ
002669,康达新材
002721,金一文化
300499,高澜股份
600188,兖矿能源
600521,华海药业
603917,合力科技
000758,中色股份
001210,金房节能
002739,万达电影
002787,华源控股
300179,四方达
301112,信邦智能
600193,创兴资源
600358,国旅联合
600501,航天晨光
600977,中国电影
603698,航天工程
002230,科大讯飞
300227,光韵达
300251,光线传媒
603173,N福斯达
000962,东方钽业
001319,铭科精技
002058,威尔泰
002345,潮宏基
002384,东山精密
002888,惠威科技
301233,盛帮股份
600250,南纺股份
600372,中航电子
601689,拓普集团
603088,宁波精达
603305,旭升集团
603326,我乐家居
603533,掌阅科技
603697,有友食品
688327,云从科技-UW
688787,海天瑞声
000541,佛山照明
000609,中迪投资
000935,四川双马
002120,韵达股份
002239,奥特佳
002571,德力股份
002686,亿利达
300159,ST新研
300309,*ST吉艾
300688,创业黑马
301356,天振股份
600768,宁波富邦
603173,福斯达
603218,日月股份
603281,N江瀚
603300,华铁应急
603338,浙江鼎力
603656,泰禾智能
603909,建发合诚
873152,天宏锂电
002167,东方锆业
002297,博云新材
002609,捷顺科技
002842,翔鹭钨业
300114,中航电测
300135,宝利国际
300213,佳讯飞鸿
300250,初灵信息
300293,蓝英装备
300414,中光防雷
600030,中信证券
601059,信达证券
601066,中信建投
000729,燕京啤酒
000735,罗牛山
003013,地铁设计
300211,亿通科技
600084,中葡股份
603281,江瀚新材
605168,三人行
000710,贝瑞基因
002097,山河智能
002281,光迅科技
002947,恒铭达
300047,天源迪科
300096,易联众
300245,天玑科技
300465,高伟达
300479,神思电子
300520,科大国创
300773,拉卡拉
301085,亚康股份
600549,厦门钨业
600936,广西广电
603059,倍加洁
603500,祥和实业
688228,开普云
001223,欧克科技
002224,三力士
002226,江南化工
002729,好利科技
300002,神州泰岳
300473,德尔股份
300663,科蓝软件
300678,中科信息
300713,英可瑞
300846,首都在线
300895,铜牛信息
600116,三峡水利
600405,动力源
601339,百隆东方
603222,济民医疗
603686,福龙马
688229,博睿数据
001283,豪鹏科技
002328,新朋股份
002577,雷柏科技
002722,物产金轮
002748,世龙实业
002963,豪尔赛
300317,珈伟新能
300477,合纵科技
300875,捷强装备
301205,联特科技
301238,瑞泰新材
301260,N格力博
301373,N凌玮
600847,万里股份
601360,三六零
002091,江苏国泰
300160,秀强股份
301059,金三江
002131,利欧股份
002228,合兴包装
002400,省广集团
002660,茂硕电源
002946,新乳业
003035,南网能源
300079,数码视讯
300220,金运激光
300340,科恒股份
300394,天孚通信
300449,汉邦高科
300474,景嘉微
300502,新易盛
300603,立昂技术
301169,零点有数
301358,C裕能
301419,C阿莱德
603170,宝立食品
688416,恒烁股份
002649,博彦科技
600163,中闽能源
600320,振华重工
603019,中科曙光
000425,徐工机械
000712,锦龙股份
000925,众合科技
002215,诺普信
300198,纳川股份
300459,汤姆猫
300487,蓝晓科技
300501,海顺新材
300810,中科海讯
300880,迦南智能
301040,中环海陆
600449,宁夏建材
603032,德新科技
603076,乐惠国际
603298,杭叉集团
603779,威龙股份
603848,好太太
603966,法兰泰克
605389,长龄液压
000682,东方电子
001314,N亿道
002089,*ST新海
002677,浙江美大
002825,纳尔股份
002971,和远气体
300404,博济医药
300444,双杰电气
300844,山水比德
301082,久盛电气
301120,新特电气
301280,珠城科技
600282,南钢股份
600552,凯盛科技
600825,新华传媒
603113,金能科技
603385,惠达卫浴
605007,五洲特纸
605336,帅丰电器
688220,翱捷科技-U
688292,浩瀚深度
001260,N坤泰
001314,亿道信息
002274,华昌化工
002663,普邦股份
002724,海洋王
002970,锐明技术
600751,海航科技
600941,中国移动
603009,北特科技
603025,大豪科技
603307,N金泉
001260,坤泰股份
001311,多利科技
002236,大华股份
002417,*ST深南
002428,云南锗业
300912,凯龙高科
603042,华脉科技
603256,宏和科技
603528,多伦科技
000547,航天发展
000768,中航西飞
001337,四川黄金
002881,美格智能
300136,信维通信
300903,科翔股份
300962,中金辐照
300964,本川智能
301109,军信股份
301322,N绿通
600072,中船科技
600373,中文传媒
600737,中粮糖业
600764,中国海防
601989,中国重工
603061,金海通
603896,寿仙谷
688525,佰维存储
000930,中粮科技
002049,紫光国微
002465,海格通信
002913,奥士康
301322,C绿通
600288,大恒科技
600345,长江通信
600873,梅花生物
603688,石英股份
688048,长光华芯
688359,三孚新科
000050,深天马Ａ
000890,法尔胜
002222,福晶科技
002268,电科网安
002338,奥普光电
002439,启明星辰
300027,华谊兄弟
300046,台基股份
300188,美亚柏科
300235,方直科技
300399,天利科技
300561,汇金科技
300605,恒锋信息
300738,奥飞数据
301010,晶雪节能
301215,中汽股份
301297,富乐德
301330,熵基科技
600000,浦发银行
600105,永鼎股份
600489,中金黄金
601595,上海电影
603003,龙宇股份
603163,圣晖集成
605358,立昂微
000603,盛达资源
001366,播恩集团
300139,晓程科技
300225,金力泰
300368,汇金股份
300378,鼎捷软件
300604,长川科技
300671,富满微
600246,万通发展
600547,山东黄金
601121,宝地矿业
603153,上海建科
688126,沪硅产业-U
002291,遥望科技
300017,网宿科技
300033,同花顺
300134,大富科技
300280,紫天科技
300494,盛天网络
300578,会畅通讯
300884,狄耐克
301110,青木股份
301171,易点天下
301318,维海德
600895,张江高科
601179,中国西电
603280,南方路机
688111,金山办公
002080,中材科技
002278,神开股份
002398,垒知集团
002476,宝莫股份
002558,巨人网络
300113,顺网科技
300291,百纳千成
300458,全志科技
300687,赛意信息
301246,N宏源
301378,N通达海
600916,中国黄金
601069,西部黄金
603282,亚光股份
688248,南网科技
000936,华西股份
002065,东华软件
002122,天马股份
002493,荣盛石化
002902,铭普光磁
300042,朗科科技
300308,中际旭创
300383,光环新网
300471,厚普股份
300548,博创科技
300913,兆龙互连
300985,致远新能
600839,四川长虹
600925,N苏能
603291,联合水务
605277,新亚电子
688012,中微公司
688041,海光信息
000021,深科技
000911,南宁糖业
000988,华工科技
002149,西部材料
002410,广联达
002533,金杯电工
002602,世纪华通
300133,华策影视
300223,北京君正
300451,创业慧康
300926,博俊科技
301236,软通动力
301308,江波龙
301380,挖金客
300302,同有科技
002015,协鑫能科
605186,健麾信息
688110,东芯股份
002409,雅克科技
300168,万达信息
300935,盈建科
600271,航天信息
600667,太极实业
603039,泛微网络
605167,利柏特
001368,通达创智
002430,杭氧股份
002681,奋达科技
300303,聚飞光电
300369,绿盟科技
300476,胜宏科技
300674,宇信科技
601519,大智慧
688343,N云天-U
002837,英维克
600961,株冶集团
688498,源杰科技
688535,C华海
688608,恒玄科技
002221,东华能源
002436,兴森科技
300620,光库科技
300706,阿石创
300709,精研科技
600416,湘电股份
603165,荣晟环保
603186,华正新材
603315,福鞍股份
002373,千方科技
002534,西子洁能
300014,亿纬锂能
300386,飞天诚信
300493,润欣科技
301221,光庭信息
601995,中金公司
603110,东方材料
603258,电魂网络
001286,C陕西能
001287,C中电港
001328,C登康
001360,C南矿
001367,C海森
002712,思美传媒
300073,当升科技
300376,易事特
300469,信息发展
300690,双一科技
300769,德方纳米
300789,唐源电气
301358,湖南裕能
600577,精达股份
601061,C中信金
601065,C江盐
601133,C柏诚
603125,C常青
603135,C中重
603877,太平鸟
605077,华康股份
688063,派能科技
688213,思特威-W
688400,凌云光
000751,锌业股份
300766,每日互动
300770,新媒股份
300987,川网传媒
600208,新湖中宝
601599,浙文影业
601928,凤凰传媒
603096,新经典
603717,天域生态
000818,航锦科技
000922,佳电股份
002857,三晖电气
300037,新宙邦
300567,精测电子
300609,汇纳科技
301060,兰卫医学
301165,锐捷网络
301231,荣信文化
600326,西藏天路
600498,烽火通信
600717,天津港
601089,福元医药
000581,威孚高科
002503,搜于特
002827,高争民爆
300556,丝路视觉
300654,世纪天鸿
300778,新城市
300859,西域旅游
300947,德必集团
300989,蕾奥规划
600392,盛和资源
600749,西藏旅游
601921,浙版传媒
688202,美迪西
300600,国瑞科技
300684,中石科技
300970,华绿生物
301048,金鹰重工
301185,鸥玛软件
600629,华建集团
600784,鲁银投资
601900,南方传媒
603168,莎普爱思
688146,N中船
688569,铁科轨道
300788,中信出版
688223,晶科能源
002478,常宝股份
002892,科力尔
300153,科泰电源
300467,迅游科技
300516,久之洋
300545,联得装备
300602,飞荣达
300997,欢乐家
301103,何氏眼科
301128,强瑞技术
301239,普瑞眼科
600267,海正药业
600651,飞乐音响
600699,均胜电子
601019,山东出版
601811,新华文轩
603199,九华旅游
603230,内蒙新华
603699,纽威股份
603768,常青股份
605117,德业股份
688032,禾迈股份
688348,昱能科技
688390,固德威
872808,曙光数创
300020,银江技术
300024,机器人
300232,洲明科技
300500,启迪设计
300857,协创数据
301293,N三博
600016,民生银行
600248,陕西建工
600748,上实发展
600757,长江传媒
601326,秦港股份
601333,广深铁路
601801,皖新传媒
601881,中国银河
601988,中国银行
603018,华设集团
603357,设计总院
688249,N晶合
000885,城发环境
301025,读客文化
301311,昆船智能
600482,中国动力
600928,西安银行
601061,中信金属
601288,农业银行
601398,工商银行
601598,中国外运
601998,中信银行
000156,华数传媒
002276,万马股份
300295,三六五网
300334,津膜科技
300426,唐德影视
600386,北巴传媒
600609,金杯汽车
600715,文投控股
603103,横店影视
000543,皖能电力
001287,中电港
300882,万胜智能
301078,孩子王
301293,三博脑科
600488,津药药业
600594,益佰制药
600795,国电电力
603073,彩蝶实业
603307,扬州金泉
603790,雅运股份
605011,杭州热电
000676,智度股份
001328,登康口腔
002157,*ST正邦
002546,新联电子
003009,中天火箭
300008,天海防务
300222,科大智能
300466,赛摩智能
300480,光力科技
300527,中船应急
300557,理工光科
300670,大烨智能
300851,交大思诺
301382,N蜂助手
301390,经纬股份
301439,泓淋电力
600310,桂东电力
600862,中航高科
603613,国联股份
603685,晨丰科技
688418,震有科技
300540,蜀道装备
300901,中胤时尚
002217,合力泰
002427,尤夫股份
002919,名臣健康
300549,优德精密
300686,智动力
301226,祥明智能
301312,智立方
301360,荣旗科技
301368,丰立智能
301428,N世纪恒
603236,移远通信
603662,柯力传感
688361,N飞测-U
000584,ST工智
002366,台海核电
300276,三丰智能
300446,乐凯新材
300514,友讯达
300836,佰奥智能
301083,百胜智能
301199,迈赫股份
301301,川宁生物
301305,N朗坤
301361,众智科技
301382,C蜂助手
600809,山西汾酒
603172,万丰股份
000410,沈阳机床
300007,汉威科技
300238,冠昊生物
300508,维宏股份
300510,金冠股份
300560,中富通
301038,深水规院
301337,N亚华
600151,航天机电
600329,达仁堂
600410,华胜天成
600719,大连热电
603869,新智认知
605162,新中港
605580,恒盛能源
688088,虹软科技
300184,力源信息
300570,太辰光
001278,一彬科技
300344,立方数科
301183,东田微
600083,博信股份
600495,晋西车轴
600505,西昌电力
600560,金自天正
600575,淮河能源
603228,景旺电子
603618,杭电股份
603803,瑞斯康达
605028,世茂能源
605118,力鼎光电
605298,必得科技
000659,珠海中富
000917,电广传媒
001282,三联锻造
300030,阳普医疗
300424,航新科技
300496,中科创达
601727,上海电气
605588,冠石科技
688322,奥比中光-UW
688562,航天软件
000802,北京文化
002177,*ST御银
002785,万里石
002993,奥海科技
300592,华凯易佰
301121,紫建电子
301387,光大同创
600823,ST世茂
603008,喜临门
603038,华立股份
603527,众源新材
603629,利通电子
603683,晶华新材
603829,洛凯股份
605288,凯迪股份
001308,康冠科技
300025,华星创业
301326,捷邦科技
600679,上海凤凰
600702,舍得酒业
601133,柏诚股份
603097,江苏华辰
000809,铁岭新城
002055,得润电子
002122,汇洲智能
002247,聚力文化
002880,卫光生物
300949,奥雅股份
301323,N新莱福
301399,英特科技
605178,时空科技
000099,中信海直
300757,罗博特科
300921,南凌科技
300960,通业科技
301282,金禄电子
301366,一博科技
603608,天创时尚
000663,永安林业
002130,沃尔核材
002146,荣盛发展
002366,融发核电
002849,威星智能
300175,朗源股份
301186,超达装备
301192,泰祥股份
301252,同星科技
600278,东方创业
600469,风神股份
600676,交运股份
603019,XD中科曙
603033,三维股份
603268,松发股份
605151,西上海
000616,*ST海投
001323,慕思股份
002050,三花智控
002355,兴民智通
002552,宝鼎科技
002960,青鸟消防
300100,双林股份
300711,广哈通信
300807,天迈科技
301007,德迈仕
301133,金钟股份
600262,北方股份
603190,亚通精工
603679,华体科技
000753,漳州发展
000757,浩物股份
000952,广济药业
301159,三维天地
600059,古越龙山
600103,青山纸业
600601,方正科技
600616,金枫酒业
600726,华电能源
601065,江盐集团
603159,上海亚虹
603333,尚纬股份
603630,拉芳家化
688313,仕佳光子
603079,圣达生物
603915,国茂股份
002823,凯中精密
002833,弘亚数控
301225,N恒勃
301255,通力科技
301299,卓创资讯
600148,长春一东
600215,派斯林
603767,中马传动
688472,阿特斯
000036,华联控股
300657,弘信电子
300823,建科机械
600157,永泰能源
603727,博迈科
688662,富信科技
300526,中潜退
301123,奕东电子
603118,共进股份
603269,海鸥股份
605068,明新旭腾
300726,宏达电子
300969,恒帅股份
600391,航发科技
600592,龙溪股份
600979,广安爱众
603267,鸿远电子
603489,八方股份
603666,亿嘉和
603678,火炬电子
603863,松炀资源
603879,永悦科技
603988,中电电机
688160,步科股份
688165,埃夫特-U
688443,N智翔-U
002590,万安科技
002851,麦格米特
300258,精锻科技
300460,惠伦晶体
300680,隆盛科技
301315,N威士顿
600710,苏美达
603040,新坐标
603788,宁波高发
688097,博众精工
301191,菲菱科思
688101,三达膜
605319,无锡振华
002076,星光股份
002254,泰和新材
002418,康盛股份
002832,比音勒芬
002899,英派斯
002930,宏川智慧
300423,昇辉科技
600691,阳煤化工
600992,XD贵绳股
688047,龙芯中科
000020,深华发Ａ
001360,南矿集团
002283,天润工业
002893,京能热力
300270,中威电子
300475,香农芯创
300817,双飞股份
300879,大叶股份
301072,中捷精工
301099,雅创电子
301141,中科磁业
301163,宏德股份
301229,纽泰格
301298,东利机械
301398,星源卓镁
301486,C致尚
600239,云南城投
600310,广西能源
600578,京能电力
600642,申能股份
601567,三星医疗
601985,中国核电
603037,凯众股份
603045,福达合金
000004,国华网安
002026,山东威达
002413,雷科防务
002535,林州重机
002977,天箭科技
300127,银河磁体
300342,天银机电
300455,航天智装
301039,中集车辆
301261,C恒工
600480,凌云股份
603677,奇精机械
688535,华海诚科
000550,江铃汽车
001373,翔腾新材
002310,东方园林
002943,宇晶股份
300032,金龙机电
300231,银信科技
300457,赢合科技
300864,南大环境
300868,杰美特
300945,曼卡龙
301152,天力锂能
301262,海看股份
301315,威士顿
301338,凯格精机
301379,天山电子
301505,N苏州规
600135,乐凯胶片
603000,XD人民网
603220,中贝通信
603948,建业股份
688095,福昕软件
688563,N航材
000413,东旭光电
000793,华闻集团
000897,津滨发展
001210,金房能源
002968,新大正
300528,幸福蓝海
300601,康泰生物
300877,金春股份
301098,金埔园林
301281,科源制药
301381,赛维时代
301499,N维科精
301505,C苏州规
600159,大龙地产
601888,XD中国中
000889,ST中嘉
002929,润建股份
300649,杭州园林
600872,中炬高新
688271,联影医疗
000923,河钢资源
300106,西部牧业
300172,中电环保
300541,先进数通
301320,豪江智能
301421,波长光电
301487,盟固利
600540,新赛股份
600753,庚星股份
600792,云煤能源
601666,平煤股份
603080,新疆火炬
603216,梦天家居
603270,N金帝
603667,五洲新春
000801,四川九洲
000859,国风新材
001296,长江材料
002455,百川股份
300053,航宇微
300098,高新兴
300256,星星科技
300331,苏大维格
300537,广信材料
300581,晨曦航空
300691,联合光电
300803,指南针
300904,威力传动
300936,中英科技
300965,恒宇信通
300990,同飞股份
301013,利和兴
301036,双乐股份
600114,东睦股份
600189,泉阳泉
600360,华微电子
600850,电科数字
605365,立达信
688039,当虹科技
688259,创耀科技
688549,N中巨芯-U
688592,司南导航
000010,美丽生态
000046,*ST泛海
000592,平潭发展
000752,*ST西发
000881,中广核技
002102,冠福股份
002433,*ST太安
300006,莱美药业
300149,睿智医药
300200,高盟新材
300255,常山药业
300300,海峡创新
300909,汇创达
300939,秋田微
301307,美利信
301419,阿莱德
301550,N斯菱
600155,华创云信
600186,莲花健康
600203,福日电子
601188,龙江交通
603160,汇顶科技
603607,京华激光
000921,海信家电
300504,天邑股份
300637,扬帆新材
300971,博亚精工
600864,哈投股份
600877,电科芯片
601518,吉林高速
603075,热威股份
603162,海通发展
603270,金帝股份
832149,利尔达
001324,长青科技
002145,中核钛白
002776,*ST柏龙
002808,ST恒久
300630,普利制药
300765,新诺威
301509,金凯生科
301548,C崇德
600365,ST通葡
603161,科华控股
603987,康德莱
002375,亚厦股份
300169,天晟新材
300432,富临精工
300461,田中精机
301042,安联锐视
301139,元道通信
603206,嘉环科技
688609,九联科技
000622,恒立实业
002025,航天电器
002038,双鹭药业
002922,伊戈尔
300322,硕贝德
300351,永贵电器
300547,川环科技
300968,格林精密
301225,恒勃股份
301558,N三态
603023,威帝股份
603890,春秋电子
300341,麦克奥迪
300347,泰格医药
000697,*ST炼石
001239,永达股份
002108,沧州明珠
300093,金刚光伏
300233,金城医药
300530,领湃科技
300538,同益股份
300699,光威复材
300799,*ST左江
301069,凯盛新材
301076,新瀚新材
600178,东安动力
600234,科新发展
601083,锦江航运
601096,N宏盛
603090,宏盛股份
603158,腾龙股份
603193,润本股份
603332,苏州龙杰
603389,亚振家居
603615,茶花股份
603729,龙韵股份
603836,海程邦达
688065,凯赛生物
688639,华恒生物
000532,华金资本
000691,亚太实业
002002,ST鸿达
002421,达实智能
002966,苏州银行
300219,鸿利智汇
301337,亚华电子
301503,智迪科技
301511,德福科技
301526,国际复材
600200,江苏吴中
600322,津投城开
600362,江西铜业
600506,统一股份
600805,悦达投资
600844,丹化科技
601096,宏盛华源
601166,兴业银行
601528,瑞丰银行
603004,鼎龙科技
603065,宿迁联盛
605158,华达新材
002981,朝阳科技
300221,银禧科技
300304,云意电气
605056,咸亨国际
000523,红棉股份
000628,高新发展
000861,海印股份
000982,中银绒业
002211,宏达新材
002356,赫美集团
002610,爱康科技
300373,扬杰科技
300405,科隆股份
300623,捷捷微电
600565,迪马股份
600824,益民集团
600828,茂业商业
603192,汇得科技
603276,恒兴新材
603312,C西典
603398,沐邦高科
603518,锦泓集团
605069,正和生态
605111,新洁能
000852,石化机械
002570,贝因美
600735,新华锦
601966,玲珑轮胎
000554,泰山石油
002731,萃华珠宝
301567,C贝隆
600053,九鼎投资
600400,红豆股份
603586,金麒麟
603603,*ST博天
605155,西大门
000538,云南白药
002521,齐峰新材
002699,*ST美盛
600319,亚星化学
601033,N永兴
605255,天普股份
001379,C腾达
001387,雪祺电气
300269,联建光电
300763,锦浪科技
600935,华塑股份
601033,C永兴
601113,华鼎股份
603600,永艺股份
603661,恒林股份
000972,中基健康
001208,华菱线缆
002797,第一创业
301469,恒达新材
301502,N华阳智
600692,亚通股份
603682,锦和商管
603901,永创智能
603960,克来机电
605318,法狮龙
002158,汉钟精机
002312,川发龙蟒
300316,晶盛机电
300478,杭州高新
301589,N诺瓦
600797,浙大网新
688475,萤石网络
000791,甘肃能源
001696,宗申动力
001979,招商蛇口
002023,海特高新
002092,中泰化学
002438,江苏神通
300155,安居宝
300159,新研股份
300162,雷曼光电
300554,三超新材
300641,正丹股份
300644,南京聚隆
300719,安达维尔
300732,设研院
300737,科顺股份
300776,帝尔激光
300843,胜蓝股份
301591,肯特股份
600649,城投控股
600711,盛屯矿业
600714,金瑞矿业
600876,凯盛新能
601212,白银有色
603125,常青科技
603506,南都物业
688015,交控科技
688170,德龙激光
688603,天承科技
000016,深康佳Ａ
000901,航天科技
000981,山子高科
001379,腾达科技
002102,能特科技
002313,日海智能
002611,东方精工
002829,星网宇达
300078,思创医惠
300128,锦富技术
300284,苏交科
300381,溢多利
600213,*ST亚星
600216,浙江医药
600561,江西长运
600611,大众交通
600635,大众公用
600770,综艺股份
600811,东方集团
600843,上工申贝
603278,大业股份
603373,安邦护卫
603900,莱绅通灵
002416,爱施德
300099,尤洛卡
300125,ST聆达
300329,海伦钢琴
300338,*ST开元
301213,观想科技
301565,中仑新材
600250,南京商旅
600650,锦江在线
600696,岩石股份
603939,益丰药房
300040,九洲集团
300102,乾照光电
300265,通光线缆
300615,欣天科技
300762,上海瀚讯
301136,招标股份
600316,洪都航空
600711,ST盛屯
600775,南京熊猫
600969,郴电国际
603028,赛福天
000062,深圳华强
000908,*ST景峰
300131,英唐智控
300318,博晖创新
300371,汇中股份
300531,优博讯
300622,博士眼镜
300639,凯普生物
300642,透景生命
300972,万辰集团
301182,凯旺科技
301288,清研环境
301568,思泰克
301578,辰奕智能
301611,N珂玛
601020,华钰矿业
603324,盛剑科技
603458,勘设股份
603517,绝味食品
000601,韶能股份
000711,ST京蓝
002150,正泰电源
002202,金风科技
002309,中利集团
002310,东方新能
002470,金正大
002730,电光科技
300185,通裕重工
300724,捷佳伟创
300751,迈为股份
301658,首航新能
600143,金发科技
600396,华电辽能
600604,市北高新
600617,国新能源
600666,奥瑞德
600759,洲际油气
600930,华电新能
601330,绿色动力
603026,石大胜华
603381,永臻股份
603659,璞泰来
603687,大胜达
603778,国晟科技
605050,福然德
605099,共创草坪
000695,滨海能源
002265,建设工业
002361,神剑股份
002386,天原股份
002756,永兴材料
300054,鼎龙股份
300390,天华新能
301292,海科新源
600227,赤天化
600513,联环药业
600727,鲁北化工
600844,金煤科技
603248,锡华科技
603387,基蛋生物
603399,永杉锂业
603601,再升科技
600029,南方航空
600297,广汇汽车
